Trial,Execution,Skipping,Hardware,Circuits
2021-10-10 12.03PM,Do not run,No skipping,All hardware,All circuits
2021-10-10 12.05PM,Do not run,No skipping,All hardware,All circuits
2021-10-10 12.08PM,Do not run,No skipping,All hardware,All circuits
2021-10-10 12.10PM,Do not run,No skipping,All hardware,All circuits
2021-10-10 12.13PM,Do not run,No skipping,All hardware,All circuits
2021-10-10 12.15PM,Do not run,No skipping,All hardware,All circuits
2021-10-10 12.18PM,Do not run,No skipping,All hardware,All circuits
2021-10-10 12.20PM,Do not run,No skipping,All hardware,All circuits
2021-10-10 12.23PM,Do not run,No skipping,All hardware,All circuits
2021-10-10 12.26PM,Do not run,No skipping,All hardware,All circuits
2021-10-10 12.28PM,Do not run,No skipping,All hardware,All circuits
2021-10-10 12.31PM,Do not run,No skipping,All hardware,All circuits
2021-10-10 12.33PM,Do not run,No skipping,All hardware,All circuits
2021-10-10 12.36PM,Do not run,No skipping,All hardware,All circuits
2021-10-10 12.38PM,Do not run,No skipping,All hardware,All circuits
2021-10-10 12.41PM,Do not run,No skipping,All hardware,All circuits
2021-10-10 12.43PM,Do not run,No skipping,All hardware,All circuits
2021-10-10 12.46PM,Do not run,No skipping,All hardware,All circuits
2021-10-10 12.48PM,Do not run,No skipping,All hardware,All circuits
2021-10-10 12.51PM,Do not run,No skipping,All hardware,All circuits
2021-10-10 12.53PM,Do not run,No skipping,All hardware,All circuits
2021-10-10 12.56PM,Do not run,No skipping,All hardware,All circuits
2021-10-10 12.58PM,Do not run,No skipping,All hardware,All circuits
2021-10-10 13.01PM,Do not run,No skipping,All hardware,All circuits
2021-10-10 13.03PM,Do not run,No skipping,All hardware,All circuits
2021-10-10 13.06PM,Do not run,No skipping,All hardware,All circuits
2021-10-10 13.08PM,Do not run,No skipping,All hardware,All circuits
2021-10-10 13.11PM,Do not run,No skipping,All hardware,All circuits
2021-10-10 13.14PM,Do not run,No skipping,All hardware,All circuits
2021-10-10 13.16PM,Do not run,No skipping,All hardware,All circuits
2021-10-10 13.19PM,Do not run,No skipping,All hardware,All circuits
2021-10-10 13.21PM,Do not run,No skipping,All hardware,All circuits
2021-10-10 13.24PM,Do not run,No skipping,All hardware,All circuits
2021-10-10 13.26PM,Do not run,No skipping,All hardware,All circuits
2021-10-10 13.29PM,Do not run,No skipping,All hardware,All circuits
2021-10-10 13.31PM,Do not run,No skipping,All hardware,All circuits
2021-10-10 13.34PM,Do not run,No skipping,All hardware,All circuits
2021-10-10 13.36PM,Do not run,No skipping,All hardware,All circuits
2021-10-10 13.39PM,Do not run,No skipping,All hardware,All circuits
2021-10-10 13.41PM,Do not run,No skipping,All hardware,All circuits
2021-10-10 13.44PM,Do not run,No skipping,All hardware,All circuits
2021-10-10 13.46PM,Do not run,No skipping,All hardware,All circuits
2021-10-10 13.49PM,Do not run,No skipping,All hardware,All circuits
2021-10-10 13.51PM,Do not run,No skipping,All hardware,All circuits
2021-10-10 13.54PM,Do not run,No skipping,All hardware,All circuits
2021-10-10 13.56PM,Do not run,No skipping,All hardware,All circuits
2021-10-10 13.59PM,Do not run,No skipping,All hardware,All circuits
2021-10-10 14.01PM,Do not run,No skipping,All hardware,All circuits
2021-10-10 14.04PM,Do not run,No skipping,All hardware,All circuits
2021-10-10 14.06PM,Do not run,No skipping,All hardware,All circuits
2021-10-10 14.09PM,Do not run,No skipping,All hardware,All circuits
2021-10-10 14.11PM,Do not run,No skipping,All hardware,All circuits
2021-10-10 14.14PM,Do not run,No skipping,All hardware,All circuits
2021-10-10 14.16PM,Do not run,No skipping,All hardware,All circuits
2021-10-10 14.19PM,Do not run,No skipping,All hardware,All circuits
2021-10-10 14.21PM,Do not run,No skipping,All hardware,All circuits
2021-10-10 14.24PM,Do not run,No skipping,All hardware,All circuits
2021-10-10 14.26PM,Do not run,No skipping,All hardware,All circuits
2021-10-10 14.29PM,Do not run,No skipping,All hardware,All circuits
2021-10-10 14.31PM,Do not run,No skipping,All hardware,All circuits
2021-10-10 14.34PM,Do not run,No skipping,All hardware,All circuits
2021-10-10 14.36PM,Do not run,No skipping,All hardware,All circuits
2021-10-10 14.39PM,Do not run,No skipping,All hardware,All circuits
2021-10-10 14.41PM,Do not run,No skipping,All hardware,All circuits
2021-10-10 14.44PM,Do not run,No skipping,All hardware,All circuits
2021-10-10 14.46PM,Do not run,No skipping,All hardware,All circuits
2021-10-10 14.49PM,Do not run,No skipping,All hardware,All circuits
2021-10-10 14.51PM,Do not run,No skipping,All hardware,All circuits
2021-10-10 14.53PM,Do not run,No skipping,All hardware,All circuits
2021-10-10 14.56PM,Do not run,No skipping,All hardware,All circuits
2021-10-10 14.58PM,Do not run,No skipping,All hardware,All circuits
2021-10-10 15.01PM,Do not run,No skipping,All hardware,All circuits
2021-10-10 15.03PM,Do not run,No skipping,All hardware,All circuits
2021-10-10 15.06PM,Do not run,No skipping,All hardware,All circuits
2021-10-10 15.08PM,Do not run,No skipping,All hardware,All circuits
2021-10-10 15.11PM,Do not run,No skipping,All hardware,All circuits
2021-10-10 15.13PM,Do not run,No skipping,All hardware,All circuits
2021-10-10 15.16PM,Do not run,No skipping,All hardware,All circuits
2021-10-10 15.18PM,Do not run,No skipping,All hardware,All circuits
2021-10-10 15.21PM,Do not run,No skipping,All hardware,All circuits
2021-10-10 15.23PM,Do not run,No skipping,All hardware,All circuits
2021-10-10 15.26PM,Do not run,No skipping,All hardware,All circuits
2021-10-10 15.28PM,Do not run,No skipping,All hardware,All circuits
2021-10-10 15.31PM,Do not run,No skipping,All hardware,All circuits
2021-10-10 15.33PM,Do not run,No skipping,All hardware,All circuits
2021-10-10 15.36PM,Do not run,No skipping,All hardware,All circuits
2021-10-10 15.38PM,Do not run,No skipping,All hardware,All circuits
2021-10-10 15.41PM,Do not run,No skipping,All hardware,All circuits
2021-10-10 15.43PM,Do not run,No skipping,All hardware,All circuits
2021-10-10 15.46PM,Do not run,No skipping,All hardware,All circuits
2021-10-10 15.48PM,Do not run,No skipping,All hardware,All circuits
2021-10-10 15.51PM,Do not run,No skipping,All hardware,All circuits
2021-10-10 15.53PM,Do not run,No skipping,All hardware,All circuits
2021-10-10 15.56PM,Do not run,No skipping,All hardware,All circuits
2021-10-10 15.58PM,Do not run,No skipping,All hardware,All circuits
2021-10-10 16.01PM,Do not run,No skipping,All hardware,All circuits
2021-10-10 16.03PM,Do not run,No skipping,All hardware,All circuits
2021-10-10 16.06PM,Do not run,No skipping,All hardware,All circuits
2021-10-10 16.08PM,Do not run,No skipping,All hardware,All circuits
2021-10-10 16.11PM,Do not run,No skipping,All hardware,All circuits
